initial_object_x, y, z, ee_pos_x, y, z, ee_vel_x, y, z, final_object_x, y, z, stopped_by_receiver 
-3.61374e-13, -0.8, 0.174995, 0.00292918, -1.00155, 0.190092, 0.00388327, 0.867972, 0.0581682, 0.0236157, 0.895176, 0.174583 stopped
0.00799895, 0.829148, 0.174997, -0.00356337, 1.02828, 0.191527, 0.0594614, -0.878658, 0.120434, 0.0133488, -0.842632, 0.174992 free
0.014086, -0.807236, 0.174996, 0.026078, -1.01469, 0.19272, -2.3542e-05, 0.890456, -0.0355091, -0.154993, 0.520101, 0.175003 free
-0.155069, 0.482292, 0.174996, -0.152848, 0.726821, 0.19892, 0.0315443, -0.859058, 0.0671186, -0.196895, 0.0621215, 0.174994 free
